exp_id,a_star,backtracking
mean_exec_time,0.006200615406036377,0.004976280689239502
std_exec_time,0.07721285077885628,0.012215707963125197
var_exec_time,0.0059618243253979275,0.00014922352104036033
mean_moves,103.165,10.093
std_moves,1320.372770006637,6.455722345330536
var_moves,1743384.2517749998,41.676351000000004
win_fraction,0.896,0.89
