exp_id,a_star,backtracking
mean_exec_time,0.00022995710372924804,0.0048852698802948
std_exec_time,0.0007183165074499156,0.011766218056042806
var_exec_time,5.159786048750448e-07,0.00013844388734234774
mean_moves,10.298,10.48
std_moves,6.413204815067112,6.161623162771317
var_moves,41.12919599999999,37.9656
win_fraction,0.91,0.915
